unix_time,ram_usage,ram_limit
1654270984,5204.824219,31053.066406
1654270994,8118.343750,31053.066406
1654271004,10449.554688,31053.066406
1654271014,11839.015625,31053.066406
1654271024,12757.816406,31053.066406
1654271034,15032.957031,31053.066406
1654271044,15195.277344,31053.066406
1654271054,15883.804688,31053.066406
1654271064,16135.980469,31053.066406
1654271074,16151.000000,31053.066406
1654271084,16155.367188,31053.066406
1654271094,16157.949219,31053.066406
1654271104,16160.285156,31053.066406
1654271114,16160.519531,31053.066406
1654271156,16160.628906,31053.066406
1654271166,16163.265625,31053.066406
1654271176,16166.792969,31053.066406
1654271186,16177.808594,31053.066406
1654271196,16940.386719,31053.066406
1654271206,17815.777344,31053.066406
1654271216,19884.222656,31053.066406
1654271226,20891.199219,31053.066406
1654271236,20913.734375,31053.066406
1654271246,21112.410156,31053.066406
1654271256,21113.902344,31053.066406
1654271266,21115.871094,31053.066406
1654271276,21627.359375,31053.066406
1654271286,23006.179688,31053.066406
1654271296,23659.789062,31053.066406
1654271306,24130.964844,31053.066406
1654271316,24692.753906,31053.066406
1654271326,25175.203125,31053.066406
1654271336,25332.953125,31053.066406
1654271346,25885.539062,31053.066406
1654271356,26223.281250,31053.066406
1654271366,26226.566406,31053.066406
1654271376,26857.382812,31053.066406
1654271386,26859.359375,31053.066406
1654271396,26866.304688,31053.066406
1654271406,26946.148438,31053.066406
1654271416,26948.449219,31053.066406
1654271426,26977.101562,31053.066406
1654271436,27269.648438,31053.066406
1654271446,27270.539062,31053.066406
1654271456,27272.210938,31053.066406
1654271466,27295.230469,31053.066406
1654271476,27602.308594,31053.066406
1654271486,27788.769531,31053.066406
1654271496,27797.601562,31053.066406
1654271506,27906.734375,31053.066406
1654271516,27893.253906,31053.066406
1654271526,27898.992188,31053.066406
1654271536,27898.839844,31053.066406
1654271546,27932.578125,31053.066406
1654271556,27932.574219,31053.066406
1654271566,27932.582031,31053.066406
1654271576,28023.960938,31053.066406
1654271586,28023.785156,31053.066406
1654271596,28320.488281,31053.066406
1654271606,28502.343750,31053.066406
1654271616,29142.695312,31053.066406
1654271626,29142.914062,31053.066406
1654271636,29406.757812,31053.066406
1654271646,29627.730469,31053.066406
1654271656,29898.035156,31053.066406
1654271666,29897.933594,31053.066406
1654271676,29983.875000,31053.066406
1654271686,29926.226562,31053.066406
1654271696,29926.363281,31053.066406
1654271706,29926.253906,31053.066406
1654271716,29927.554688,31053.066406
1654271726,29960.718750,31053.066406
1654271736,30147.125000,31053.066406
1654271746,30147.117188,31053.066406
1654271756,30202.437500,31053.066406
1654271766,30202.281250,31053.066406
1654271776,30179.660156,31053.066406
1654271786,30179.546875,31053.066406
1654271796,30179.542969,31053.066406
1654271806,30179.535156,31053.066406
1654271816,30179.648438,31053.066406
1654271826,30238.750000,31053.066406
1654271836,30237.316406,31053.066406
1654271846,30204.449219,31053.066406
1654271856,30212.320312,31053.066406
1654271866,30253.203125,31053.066406
1654271876,30253.140625,31053.066406
1654271886,30253.164062,31053.066406
1654271896,30259.507812,31053.066406
1654271906,30258.792969,31053.066406
1654271916,30258.906250,31053.066406
1654271926,30258.859375,31053.066406
1654271936,30297.199219,31053.066406
1654271946,30331.691406,31053.066406
1654271956,30163.167969,31053.066406
1654271966,30370.941406,31053.066406
1654271976,30188.011719,31053.066406
1654271986,30187.753906,31053.066406
1654271996,30187.867188,31053.066406
1654272006,30188.000000,31053.066406
1654272016,30226.968750,31053.066406
1654272026,30226.988281,31053.066406
1654272036,30284.718750,31053.066406
1654272046,30317.132812,31053.066406
1654272056,30317.546875,31053.066406
1654272066,30317.546875,31053.066406
1654272076,30319.835938,31053.066406
1654272086,30318.089844,31053.066406
1654272096,30318.214844,31053.066406
1654272106,30287.113281,31053.066406
1654272116,30317.152344,31053.066406
1654272126,30317.183594,31053.066406
1654272136,30317.183594,31053.066406
1654272146,30317.074219,31053.066406
1654272156,30317.191406,31053.066406
1654272166,30345.574219,31053.066406
1654272176,30345.554688,31053.066406
1654272186,30345.781250,31053.066406
1654272196,30374.753906,31053.066406
1654272206,30374.878906,31053.066406
1654272216,30358.296875,31053.066406
1654272226,30358.308594,31053.066406
1654272236,30358.375000,31053.066406
1654272246,30304.800781,31053.066406
1654272256,30304.968750,31053.066406
1654272266,30304.871094,31053.066406
1654272276,30363.023438,31053.066406
1654272286,30362.890625,31053.066406
1654272296,30362.875000,31053.066406
1654272306,30362.875000,31053.066406
1654272316,30362.875000,31053.066406
1654272326,30370.152344,31053.066406
1654272336,30370.027344,31053.066406
1654272346,30418.269531,31053.066406
1654272356,30444.496094,31053.066406
1654272366,30434.855469,31053.066406
1654272376,30439.902344,31053.066406
1654272386,30462.031250,31053.066406
1654272396,30204.515625,31053.066406
1654272406,30207.160156,31053.066406
1654272416,30208.714844,31053.066406
1654272426,30274.187500,31053.066406
1654272436,30327.980469,31053.066406
1654272446,30327.984375,31053.066406
1654272456,30327.886719,31053.066406
1654272466,30366.824219,31053.066406
1654272476,30366.949219,31053.066406
1654272486,30366.820312,31053.066406
1654272496,30397.132812,31053.066406
1654272506,30397.113281,31053.066406
1654272516,30375.632812,31053.066406
1654272526,30375.292969,31053.066406
1654272536,30375.402344,31053.066406
1654272546,30408.292969,31053.066406
1654272556,30432.957031,31053.066406
1654272566,30433.210938,31053.066406
1654272576,30433.210938,31053.066406
1654272586,30433.101562,31053.066406
1654272596,30433.101562,31053.066406
1654272606,30434.976562,31053.066406
1654272616,30435.101562,31053.066406
1654272626,30433.230469,31053.066406
1654272636,30465.550781,31053.066406
1654272646,30362.683594,31053.066406
1654272656,30362.574219,31053.066406
1654272666,30362.683594,31053.066406
1654272676,30363.546875,31053.066406
1654272686,30391.722656,31053.066406
1654272696,30391.882812,31053.066406
1654272706,30421.078125,31053.066406
1654272716,30421.074219,31053.066406
1654272726,30421.074219,31053.066406
1654272736,30466.105469,31053.066406
1654272746,30457.914062,31053.066406
1654272756,30443.585938,31053.066406
1654272766,30466.894531,31053.066406
1654272776,30461.792969,31053.066406
1654272786,30365.238281,31053.066406
1654272796,30461.699219,31053.066406
1654272806,30142.152344,31053.066406
1654272816,30142.214844,31053.066406
1654272826,30230.640625,31053.066406
1654272836,30231.917969,31053.066406
1654272846,30230.167969,31053.066406
1654272856,30266.390625,31053.066406
1654272866,30271.167969,31053.066406
1654272876,30293.273438,31053.066406
1654272886,30291.757812,31053.066406
1654272896,30297.980469,31053.066406
1654272906,30352.613281,31053.066406
1654272916,30355.183594,31053.066406
1654272926,30358.621094,31053.066406
1654272936,30364.750000,31053.066406
1654272946,30331.886719,31053.066406
1654272956,30331.777344,31053.066406
1654272966,30362.277344,31053.066406
1654272976,30406.511719,31053.066406
1654272986,30406.539062,31053.066406
1654272996,30364.398438,31053.066406
1654273006,30362.917969,31053.066406
1654273016,30365.332031,31053.066406
1654273026,30368.781250,31053.066406
1654273036,30398.816406,31053.066406
1654273046,30426.828125,31053.066406
1654273056,30426.898438,31053.066406
1654273066,30429.000000,31053.066406
1654273076,30427.730469,31053.066406
1654273086,30428.492188,31053.066406
1654273096,30431.300781,31053.066406
1654273106,30452.175781,31053.066406
1654273116,30452.296875,31053.066406
1654273126,30423.703125,31053.066406
1654273136,30423.667969,31053.066406
1654273146,30423.789062,31053.066406
1654273156,30447.800781,31053.066406
1654273166,30434.773438,31053.066406
1654273176,29995.886719,31053.066406
1654273186,30448.578125,31053.066406
1654273196,30295.570312,31053.066406
1654273206,30437.480469,31053.066406
1654273216,30377.222656,31053.066406
1654273226,30188.921875,31053.066406
1654273236,30443.929688,31053.066406
1654273246,30315.226562,31053.066406
1654273256,30358.718750,31053.066406
1654273266,30358.750000,31053.066406
1654273276,30387.097656,31053.066406
1654273286,30387.332031,31053.066406
1654273296,30388.300781,31053.066406
1654273306,30417.957031,31053.066406
1654273316,30418.128906,31053.066406
1654273326,30422.699219,31053.066406
1654273336,30457.347656,31053.066406
1654273346,30364.261719,31053.066406
1654273356,30366.484375,31053.066406
1654273366,30366.375000,31053.066406
1654273376,30423.914062,31053.066406
1654273386,30411.707031,31053.066406
1654273396,30411.964844,31053.066406
1654273406,30411.945312,31053.066406
1654273416,30413.984375,31053.066406
1654273426,30411.960938,31053.066406
1654273436,30412.785156,31053.066406
1654273446,30413.191406,31053.066406
1654273456,30413.390625,31053.066406
1654273466,30332.207031,31053.066406
1654273476,30332.015625,31053.066406
1654273486,30361.703125,31053.066406
1654273496,30361.640625,31053.066406
1654273506,30361.503906,31053.066406
1654273516,30361.824219,31053.066406
1654273526,30390.203125,31053.066406
1654273536,30390.671875,31053.066406
1654273546,30398.343750,31053.066406
1654273556,30449.242188,31053.066406
1654273566,30449.199219,31053.066406
1654273576,30449.566406,31053.066406
1654273586,30456.929688,31053.066406
1654273596,30454.218750,31053.066406
1654273606,30321.304688,31053.066406
1654273616,30218.332031,31053.066406
1654273626,30456.468750,31053.066406
1654273636,30108.019531,31053.066406
1654273646,30154.078125,31053.066406
1654273656,30154.320312,31053.066406
1654273666,30184.589844,31053.066406
1654273676,30182.980469,31053.066406
1654273686,30184.019531,31053.066406
1654273696,30185.128906,31053.066406
1654273706,30253.421875,31053.066406
1654273716,30333.941406,31053.066406
1654273726,30362.851562,31053.066406
1654273736,30364.992188,31053.066406
1654273746,30394.429688,31053.066406
1654273756,30396.320312,31053.066406
1654273766,30396.484375,31053.066406
1654273776,30359.937500,31053.066406
1654273786,30368.160156,31053.066406
1654273796,30382.203125,31053.066406
1654273806,30384.902344,31053.066406
1654273816,30384.839844,31053.066406
1654273826,30384.917969,31053.066406
1654273836,30412.855469,31053.066406
1654273846,30412.871094,31053.066406
1654273856,30358.890625,31053.066406
1654273866,30387.867188,31053.066406
1654273876,30387.917969,31053.066406
1654273886,30387.917969,31053.066406
1654273896,30389.140625,31053.066406
1654273906,30388.742188,31053.066406
1654273916,30389.082031,31053.066406
1654273926,30392.132812,31053.066406
1654273936,30399.957031,31053.066406
1654273946,30428.328125,31053.066406
1654273956,30431.359375,31053.066406
1654273966,30427.699219,31053.066406
1654273976,30466.601562,31053.066406
1654273986,30206.828125,31053.066406
1654273996,30303.128906,31053.066406
1654274006,30256.660156,31053.066406
1654274016,30283.136719,31053.066406
1654274026,30415.855469,31053.066406
1654274036,30479.347656,31053.066406
1654274046,30482.085938,31053.066406
1654274056,30279.667969,31053.066406
1654274066,30281.730469,31053.066406
1654274076,30311.070312,31053.066406
1654274086,30311.058594,31053.066406
1654274096,30311.285156,31053.066406
1654274106,30347.371094,31053.066406
1654274116,30347.156250,31053.066406
1654274126,30347.078125,31053.066406
1654274136,30408.457031,31053.066406
1654274146,30408.457031,31053.066406
1654274156,30346.906250,31053.066406
1654274166,30345.519531,31053.066406
1654274176,30345.628906,31053.066406
1654274186,30374.093750,31053.066406
1654274196,30375.769531,31053.066406
1654274206,30404.562500,31053.066406
1654274216,30404.683594,31053.066406
1654274226,30391.671875,31053.066406
1654274236,30393.589844,31053.066406
1654274246,30392.054688,31053.066406
1654274256,30393.605469,31053.066406
1654274266,30422.902344,31053.066406
1654274276,30423.468750,31053.066406
1654274286,30423.484375,31053.066406
1654274296,30430.257812,31053.066406
1654274306,30458.644531,31053.066406
1654274316,30458.953125,31053.066406
1654274326,30460.199219,31053.066406
1654274336,30460.183594,31053.066406
1654274346,30451.832031,31053.066406
1654274356,30451.593750,31053.066406
1654274366,30436.578125,31053.066406
1654274376,30475.382812,31053.066406
1654274386,30108.250000,31053.066406
1654274396,30475.972656,31053.066406
1654274406,30290.824219,31053.066406
1654274416,30217.265625,31053.066406
1654274426,30480.414062,31053.066406
1654274436,30475.414062,31053.066406
1654274446,30326.011719,31053.066406
1654274456,30426.187500,31053.066406
1654274466,30214.460938,31053.066406
1654274476,30317.664062,31053.066406
1654274486,30315.769531,31053.066406
1654274496,30316.835938,31053.066406
1654274506,30344.894531,31053.066406
1654274516,30344.949219,31053.066406
1654274526,30344.843750,31053.066406
1654274536,30346.910156,31053.066406
1654274546,30374.917969,31053.066406
1654274556,30374.792969,31053.066406
1654274566,30382.605469,31053.066406
1654274576,30387.558594,31053.066406
1654274586,30388.757812,31053.066406
1654274596,30388.734375,31053.066406
1654274606,30388.984375,31053.066406
1654274616,30416.675781,31053.066406
1654274626,30416.867188,31053.066406
1654274636,30446.164062,31053.066406
1654274646,30446.277344,31053.066406
1654274656,30446.183594,31053.066406
1654274666,30446.062500,31053.066406
1654274676,30447.324219,31053.066406
1654274686,30456.058594,31053.066406
1654274696,30382.347656,31053.066406
1654274706,30382.476562,31053.066406
1654274716,30382.312500,31053.066406
1654274726,30382.785156,31053.066406
1654274736,30382.894531,31053.066406
1654274746,30382.773438,31053.066406
1654274756,30440.957031,31053.066406
1654274766,30440.195312,31053.066406
1654274776,30440.203125,31053.066406
1654274786,30433.902344,31053.066406
1654274796,30480.617188,31053.066406
1654274806,30146.996094,31053.066406
1654274816,30481.855469,31053.066406
1654274826,30481.410156,31053.066406
1654274836,30444.546875,31053.066406
1654274846,30416.875000,31053.066406
1654274856,30402.375000,31053.066406
1654274866,30454.648438,31053.066406
1654274876,30430.453125,31053.066406
1654274886,29948.019531,31053.066406
1654274896,29948.910156,31053.066406
1654274906,29953.179688,31053.066406
1654274916,30069.699219,31053.066406
1654274926,30069.484375,31053.066406
1654274936,30069.496094,31053.066406
1654274946,30341.031250,31053.066406
1654274956,30372.410156,31053.066406
1654274966,30371.054688,31053.066406
1654274976,30371.859375,31053.066406
1654274986,30404.605469,31053.066406
1654274996,30405.242188,31053.066406
1654275006,30433.226562,31053.066406
1654275016,30370.402344,31053.066406
1654275026,30370.277344,31053.066406
1654275036,30401.375000,31053.066406
1654275046,30400.578125,31053.066406
1654275056,30400.679688,31053.066406
1654275066,30426.476562,31053.066406
1654275076,30427.128906,31053.066406
1654275086,30427.007812,31053.066406
1654275096,30427.300781,31053.066406
1654275106,30427.312500,31053.066406
1654275116,30369.339844,31053.066406
1654275126,30369.339844,31053.066406
1654275136,30427.652344,31053.066406
1654275146,30427.656250,31053.066406
1654275156,30427.945312,31053.066406
1654275166,30409.691406,31053.066406
1654275176,30410.003906,31053.066406
1654275186,30410.132812,31053.066406
1654275196,30413.949219,31053.066406
1654275206,30442.082031,31053.066406
1654275216,30466.574219,31053.066406
1654275226,30278.535156,31053.066406
1654275236,30487.726562,31053.066406
1654275246,30506.214844,31053.066406
1654275256,30493.980469,31053.066406
1654275266,30497.359375,31053.066406
1654275276,30206.621094,31053.066406
1654275286,30550.191406,31053.066406
1654275296,30297.898438,31053.066406
1654275306,30475.417969,31053.066406
1654275316,30291.882812,31053.066406
1654275326,30297.785156,31053.066406
1654275336,30328.675781,31053.066406
1654275346,30331.453125,31053.066406
1654275356,30331.847656,31053.066406
1654275366,30363.457031,31053.066406
1654275376,30436.980469,31053.066406
1654275386,30436.652344,31053.066406
1654275396,30437.414062,31053.066406
1654275406,30443.386719,31053.066406
1654275416,30493.000000,31053.066406
1654275426,30515.511719,31053.066406
1654275436,30508.609375,31053.066406
1654275446,30509.226562,31053.066406
1654275456,30509.507812,31053.066406
1654275466,30510.054688,31053.066406
1654275476,30510.082031,31053.066406
1654275486,30510.082031,31053.066406
1654275496,30467.082031,31053.066406
1654275506,30467.101562,31053.066406
1654275516,30434.996094,31053.066406
1654275526,30434.882812,31053.066406
1654275536,30475.628906,31053.066406
1654275546,30474.949219,31053.066406
1654275556,30478.183594,31053.066406
1654275566,30480.117188,31053.066406
1654275576,30483.070312,31053.066406
1654275586,30505.898438,31053.066406
1654275596,30532.437500,31053.066406
1654275606,30358.890625,31053.066406
1654275616,30554.859375,31053.066406
1654275626,30568.718750,31053.066406
1654275636,30236.628906,31053.066406
1654275646,30575.238281,31053.066406
1654275656,30590.351562,31053.066406
1654275666,30366.382812,31053.066406
1654275676,30574.218750,31053.066406
1654275686,30571.738281,31053.066406
1654275696,30587.554688,31053.066406
1654275706,30379.898438,31053.066406
1654275716,30409.617188,31053.066406
1654275726,30412.597656,31053.066406
1654275736,30413.414062,31053.066406
1654275746,30538.066406,31053.066406
1654275756,30507.054688,31053.066406
1654275766,30508.019531,31053.066406
1654275776,30508.132812,31053.066406
1654275786,30508.445312,31053.066406
1654275796,30576.390625,31053.066406
1654275806,30538.492188,31053.066406
1654275816,30537.855469,31053.066406
1654275826,30539.218750,31053.066406
1654275836,30538.410156,31053.066406
1654275846,30543.398438,31053.066406
1654275856,30545.550781,31053.066406
1654275866,30552.476562,31053.066406
1654275876,30554.472656,31053.066406
1654275886,30554.851562,31053.066406
1654275896,30473.949219,31053.066406
1654275906,30473.839844,31053.066406
1654275916,30474.191406,31053.066406
1654275926,30503.464844,31053.066406
1654275936,30504.855469,31053.066406
1654275946,30530.828125,31053.066406
1654275956,30531.175781,31053.066406
1654275966,30538.636719,31053.066406
1654275976,30544.046875,31053.066406
1654275986,30555.539062,31053.066406
1654275996,30573.472656,31053.066406
1654276006,30581.460938,31053.066406
1654276016,30583.355469,31053.066406
1654276026,30556.570312,31053.066406
1654276036,30412.578125,31053.066406
1654276046,30568.136719,31053.066406
1654276056,30167.488281,31053.066406
1654276066,30578.867188,31053.066406
1654276076,30395.378906,31053.066406
1654276086,30572.371094,31053.066406
1654276096,30187.402344,31053.066406
1654276106,30355.382812,31053.066406
1654276116,30379.097656,31053.066406
1654276126,30403.277344,31053.066406
1654276136,30433.714844,31053.066406
1654276146,30433.976562,31053.066406
1654276156,30434.605469,31053.066406
1654276166,30435.218750,31053.066406
1654276176,30436.792969,31053.066406
1654276186,30437.859375,31053.066406
1654276196,30494.554688,31053.066406
1654276206,30512.808594,31053.066406
1654276216,30567.136719,31053.066406
1654276226,30570.121094,31053.066406
1654276236,30558.761719,31053.066406
1654276246,30558.902344,31053.066406
1654276256,30558.769531,31053.066406
1654276266,30495.984375,31053.066406
1654276276,30550.605469,31053.066406
1654276286,30550.750000,31053.066406
1654276296,30550.750000,31053.066406
1654276306,30551.179688,31053.066406
1654276316,30573.980469,31053.066406
1654276326,30574.816406,31053.066406
1654276336,30573.617188,31053.066406
1654276346,30573.917969,31053.066406
1654276356,30576.441406,31053.066406
1654276366,30529.437500,31053.066406
1654276376,30245.871094,31053.066406
1654276386,30581.984375,31053.066406
1654276396,30240.882812,31053.066406
1654276406,30540.792969,31053.066406
1654276416,30444.898438,31053.066406
1654276426,30554.363281,31053.066406
1654276436,30593.601562,31053.066406
1654276484,30234.558594,31053.066406
1654276494,30557.699219,31053.066406
1654276504,30582.867188,31053.066406
1654276514,30414.007812,31053.066406
1654276524,30444.968750,31053.066406
1654276534,30448.402344,31053.066406
1654276544,30448.406250,31053.066406
1654276554,30467.980469,31053.066406
1654276564,30468.152344,31053.066406
1654276574,30503.250000,31053.066406
1654276584,30517.550781,31053.066406
1654276594,30527.937500,31053.066406
1654276604,30527.871094,31053.066406
1654276614,30528.750000,31053.066406
1654276624,30529.335938,31053.066406
1654276634,30520.945312,31053.066406
1654276644,30447.835938,31053.066406
1654276654,30447.835938,31053.066406
1654276664,30449.898438,31053.066406
1654276674,30450.101562,31053.066406
1654276684,30450.113281,31053.066406
1654276694,30450.058594,31053.066406
1654276704,30450.304688,31053.066406
1654276714,30494.765625,31053.066406
1654276724,30511.730469,31053.066406
1654276734,30511.808594,31053.066406
1654276744,30503.117188,31053.066406
1654276754,30439.203125,31053.066406
1654276764,30452.390625,31053.066406
1654276774,30515.714844,31053.066406
1654276784,30515.644531,31053.066406
1654276794,30517.117188,31053.066406
1654276804,30538.117188,31053.066406
1654276814,30551.199219,31053.066406
1654276824,30354.382812,31053.066406
1654276834,30574.769531,31053.066406
1654276844,30376.949219,31053.066406
1654276854,30469.359375,31053.066406
1654276864,30540.640625,31053.066406
1654276874,30125.101562,31053.066406
1654276884,30556.753906,31053.066406
1654276894,30583.132812,31053.066406
1654276904,30509.125000,31053.066406
1654276914,30471.316406,31053.066406
1654276924,30394.558594,31053.066406
1654276934,30396.132812,31053.066406
1654276944,30396.417969,31053.066406
1654276954,30428.277344,31053.066406
1654276964,30429.656250,31053.066406
1654276974,30456.703125,31053.066406
1654276984,30486.089844,31053.066406
1654276994,30488.589844,31053.066406
1654277004,30488.722656,31053.066406
1654277014,30489.613281,31053.066406
1654277024,30489.730469,31053.066406
1654277034,30490.230469,31053.066406
